"Gene","Frequency.x","Frequency.y","Score","VUS_Count","VUS_Norm","Integrated_Score"
"NRXN1",13,13,26,1248,0.208765473402476,31.4279023084644
"RELN",10,10,20,1845,0.308631649381064,26.1726329876213
"CDK5",13,13,26,12,0.00200736032117765,26.0521913683506
"SHANK3",12,12,24,487,0.0814653730344597,25.955168952827
"APP",12,12,24,254,0.0424891267982603,25.0197390431582
"WNT5A",12,12,24,143,0.023921043827367,24.5741050518568
"NTRK2",11,11,22,386,0.0645700903312145,23.4205419872867
"OPHN1",11,11,22,225,0.037638006022081,22.8280361324858
"MEF2C",11,11,22,190,0.0317832050853128,22.6992305118769
"DMD",7,7,14,3198,0.534961525593844,21.4894613583138
"CTNNB1",10,10,20,323,0.0540314486450318,21.0806289729006
"NRCAM",10,10,20,193,0.0322850451656072,20.6457009033121
"PHOX2B",9,9,18,664,0.11107393777183,19.9993308798929
"NF1",5,5,10,5977,0.999832719973235,19.9983271997324
"LRRK2",7,7,14,2375,0.39729006356641,19.5620608899297
"NTRK1",9,9,18,450,0.0752760120441619,19.3549682167949
"SOX11",9,9,18,221,0.0369688859150217,18.6654399464704
"POU4F1",9,9,18,78,0.0130478420876547,18.2348611575778
"PTEN",7,7,14,1584,0.26497156239545,17.7096018735363
"MAP1B",8,8,16,411,0.0687520910003346,17.1000334560054
"PAFAH1B1",8,8,16,153,0.0255938440950151,16.4095015055202
"NGF",8,8,16,109,0.0182335229173637,16.2917363666778
"EPHB2",8,8,16,91,0.0152224824355972,16.2435597189696
"WNT7A",8,8,16,58,0.00970224155235865,16.1552358648377
"MYCBP2",7,7,14,654,0.109401137504182,15.5316159250585
"REST",7,7,14,477,0.0797925727668116,15.1170960187354
"ZNF335",7,7,14,367,0.0613917698226832,14.8594847775176
"PLXNB2",7,7,14,282,0.0471729675476748,14.6604215456674
"DCC",7,7,14,188,0.0314486450317832,14.440281030445
"CORIN",7,7,14,174,0.0291067246570759,14.4074941451991
"MFSD2A",7,7,14,86,0.0143860823017732,14.2014051522248
"BRSK1",7,7,14,66,0.0110404817664771,14.1545667447307
"GSK3B",7,7,14,31,0.00518568082970893,14.0725995316159
"ATP7A",6,6,12,872,0.145868183338909,13.7504182000669
"DOCK7",6,6,12,843,0.14101706256273,13.6922047507528
"RET",5,5,10,2053,0.343425894948143,13.4342589494814
"LRP2",5,5,10,1913,0.320006691201071,13.2000669120107
"TGFB2",6,6,12,401,0.0670792907326865,12.8049514887922
"ALK",4,4,8,3523,0.589327534292405,12.7146202743392
"SHH",6,6,12,327,0.054700568752091,12.6564068250251
"MAPT",6,6,12,248,0.0414854466376715,12.4978253596521
"NR4A2",6,6,12,146,0.0244228839076614,12.2930746068919
"DTNBP1",6,6,12,137,0.0229173636667782,12.2750083640013
"SIX3",6,6,12,134,0.0224155235864838,12.2689862830378
"CTNNA2",6,6,12,132,0.0220809635329542,12.2649715623955
"ARHGAP35",6,6,12,128,0.0214118434258949,12.2569421211107
"APOE",6,6,12,113,0.0189026430244229,12.2268317162931
"NOVA2",6,6,12,70,0.0117096018735363,12.1405152224824
"NDNF",6,6,12,57,0.00953496152559384,12.1144195383071
"WNT3",6,6,12,53,0.00886584141853463,12.1063900970224
"NPTN",6,6,12,29,0.00485112077617932,12.0582134493142
"TNF",6,6,12,10,0.00167280026764804,12.0200736032118
"CNTNAP2",5,5,10,899,0.150384744061559,11.5038474406156
"PCSK9",5,5,10,749,0.125292740046838,11.2529274004684
"ERCC6",5,5,10,613,0.102542656406825,11.0254265640683
"SHANK1",5,5,10,429,0.071763131482101,10.717631314821
"SPTBN4",5,5,10,420,0.0702576112412178,10.7025761124122
"LIG4",5,5,10,365,0.0610572097691536,10.6105720976915
"CLN3",5,5,10,357,0.0597189695550351,10.5971896955504
"CAMK2B",5,5,10,336,0.0562060889929742,10.5620608899297
"DVL1",5,5,10,330,0.0552024088323854,10.5520240883239
"DLL1",5,5,10,311,0.0520240883238541,10.5202408832385
"PAX6",5,5,10,244,0.0408163265306122,10.4081632653061
"MYT1L",5,5,10,241,0.0403144864503178,10.4031448645032
"NEUROD1",5,5,10,225,0.037638006022081,10.3763800602208
"PPT1",5,5,10,224,0.0374707259953162,10.3747072599532
"PRKN",5,5,10,220,0.0368016058882569,10.3680160588826
"SOX4",5,5,10,187,0.0312813650050184,10.3128136500502
"WNT1",5,5,10,169,0.0282703245232519,10.2827032452325
"STX1B",5,5,10,163,0.0272666443626631,10.2726664436266
"MINK1",5,5,10,160,0.0267648042823687,10.2676480428237
"SIX1",5,5,10,156,0.0260956841753095,10.2609568417531
"BRSK2",5,5,10,150,0.0250920040147206,10.2509200401472
"SOX2",5,5,10,103,0.0172298427567748,10.1722984275677
"ERBB3",5,5,10,88,0.0147206423553028,10.147206423553
"MARK2",5,5,10,84,0.0140515222482436,10.1405152224824
"TREM2",5,5,10,77,0.0128805620608899,10.1288056206089
"SOX3",5,5,10,75,0.0125460020073603,10.1254600200736
"BMP7",5,5,10,71,0.0118768819003011,10.118768819003
"ATOH1",5,5,10,63,0.0105386416861827,10.1053864168618
"LMX1A",5,5,10,61,0.0102040816326531,10.1020408163265
"NTNG2",5,5,10,59,0.00986952157912345,10.0986952157912
"NEUROG1",5,5,10,56,0.00936768149882904,10.0936768149883
"RAB3A",5,5,10,17,0.00284376045500167,10.02843760455
"ARMCX5-GPRASP2",5,5,10,0,0,10
"PALS1",5,5,10,0,0,10
"RUNX1",4,4,8,1002,0.167614586818334,9.34091669454667
"DCTN1",4,4,8,802,0.134158581465373,9.07326865172298
"GLI2",4,4,8,674,0.112746738039478,8.90197390431582
"FGFR1",4,4,8,517,0.0864837738374038,8.69187019069923
"LRP6",4,4,8,398,0.0665774506523921,8.53261960521914
"TENM3",4,4,8,384,0.0642355302776848,8.51388424222148
"SIN3A",4,4,8,362,0.0605553696888591,8.48444295751087
"CDKL5",4,4,8,357,0.0597189695550351,8.47775175644028
"GRN",4,4,8,337,0.056373369019739,8.45098695215791
"FZD4",4,4,8,290,0.0485112077617932,8.38808966209435
"CLN5",4,4,8,268,0.0448310471729675,8.35864837738374
"PAX2",4,4,8,255,0.0426564068250251,8.3412512546002
"SLIT2",4,4,8,254,0.0424891267982603,8.33991301438608
"PINK1",4,4,8,209,0.0349615255938441,8.27969220475075
"THOC2",4,4,8,206,0.0344596855135497,8.2756774841084
"CPNE1",4,4,8,200,0.0334560053529609,8.26764804282369
"MAG",4,4,8,178,0.0297758447641352,8.23820675811308
"DCDC2",4,4,8,174,0.0291067246570759,8.23285379725661
"EIF2AK4",4,4,8,174,0.0291067246570759,8.23285379725661
"GRID2",4,4,8,165,0.0276012044161927,8.22080963532954
"PPFIA3",4,4,8,150,0.0250920040147206,8.20073603211777
"KIFBP",4,4,8,149,0.0249247239879558,8.19939779190365
"FBXO7",4,4,8,148,0.024757443961191,8.19805955168953
"LRRC7",4,4,8,141,0.0235864837738374,8.1886918701907
"IL1RAPL1",4,4,8,138,0.023084643693543,8.18467714954834
"LYN",4,4,8,121,0.0202408832385413,8.16192706590833
"NSMF",4,4,8,110,0.0184008029441285,8.14720642355303
"SLC18A2",4,4,8,98,0.0163934426229508,8.13114754098361
"TBC1D23",4,4,8,97,0.016226162596186,8.12980930076949
"FMR1",4,4,8,93,0.0155570424891268,8.12445633991301
"CAMK2A",4,4,8,91,0.0152224824355972,8.12177985948478
"PRNP",4,4,8,87,0.014553362328538,8.1164268986283
"FGF20",4,4,8,84,0.0140515222482436,8.11241217798595
"FLRT3",4,4,8,83,0.0138842422214788,8.11107393777183
"ZC4H2",4,4,8,81,0.0135496821679491,8.10839745734359
"APBB1",4,4,8,79,0.0132151221144195,8.10572097691536
"CDH23",3,3,6,2086,0.348946135831382,8.09367681498829
"FGF8",4,4,8,66,0.0110404817664771,8.08832385413182
"SYT1",4,4,8,65,0.0108732017397123,8.0869856139177
"INS",4,4,8,64,0.0107059217129475,8.08564737370358
"PARK7",4,4,8,54,0.00903312144529943,8.0722649715624
"FXR1",4,4,8,49,0.00819672131147541,8.0655737704918
"MANF",4,4,8,27,0.00451656072264972,8.0361324857812
"SNAPIN",4,4,8,15,0.00250920040147206,8.02007360321178
"TRIM32",4,4,8,0,0,8
"RB1",3,3,6,1902,0.318166610906658,7.90899966543995
"HSPG2",3,3,6,1647,0.275510204081633,7.6530612244898
"NOTCH1",3,3,6,1576,0.263633322181332,7.58179993308799
"ANK3",3,3,6,1130,0.189026430244229,7.13415858146537
"TRIO",3,3,6,1002,0.167614586818334,7.00568752091
"NIPBL",3,3,6,898,0.150217464034794,6.90130478420877
"NEFH",3,3,6,651,0.108899297423888,6.65339578454333
"KIDINS220",3,3,6,604,0.101037136165942,6.60622281699565
"ASTN2",3,3,6,587,0.0981933757109401,6.58916025426564
"KDM1A",3,3,6,571,0.0955168952827032,6.57310137169622
"USP9X",3,3,6,564,0.0943459350953496,6.5660756105721
"AUTS2",3,3,6,563,0.0941786550685848,6.56507193041151
"SORL1",3,3,6,563,0.0941786550685848,6.56507193041151
"DICER1",2,2,4,3798,0.635329541652727,6.54131816661091
"PLXNA1",3,3,6,520,0.0869856139176982,6.52191368350619
"OTOF",3,3,6,491,0.0821344931415189,6.49280695884911
"USH1C",3,3,6,459,0.0767815322850452,6.46068919371027
"CDK5RAP2",3,3,6,451,0.0754432920709267,6.45265975242556
"MAGI2",3,3,6,383,0.06406825025092,6.38440950150552
"FGFR2",3,3,6,380,0.0635664101706256,6.38139846102375
"CHRNB2",3,3,6,376,0.0628972900635664,6.3773837403814
"NEDD4L",3,3,6,371,0.0620608899297424,6.37236533957845
"SCN1B",3,3,6,366,0.0612244897959184,6.36734693877551
"FYCO1",3,3,6,347,0.0580461692873871,6.34827701572432
"L1CAM",3,3,6,337,0.056373369019739,6.33824021411843
"ERBB4",3,3,6,336,0.0562060889929742,6.33723653395785
"INSR",3,3,6,332,0.055536968885915,6.33322181331549
"MUSK",3,3,6,311,0.0520240883238541,6.31214452994312
"DHDDS",3,3,6,279,0.0466711274673804,6.28002676480428
"LGI1",3,3,6,273,0.0456674473067916,6.27400468384075
"MNX1",3,3,6,273,0.0456674473067916,6.27400468384075
"CHRNA1",3,3,6,269,0.0449983271997324,6.26998996319839
"LMX1B",3,3,6,269,0.0449983271997324,6.26998996319839
"KIF14",3,3,6,251,0.0419872867179659,6.2519237203078
"RAB3GAP1",3,3,6,247,0.0413181666109067,6.24790899966544
"NLGN4X",3,3,6,210,0.0351288056206089,6.21077283372365
"TNR",3,3,6,208,0.0347942455670793,6.20876547340248
"MYOC",3,3,6,206,0.0344596855135497,6.2067581130813
"PSEN1",3,3,6,204,0.0341251254600201,6.20475075276012
"RIMS2",3,3,6,193,0.0322850451656072,6.19371027099364
"TUBGCP2",3,3,6,193,0.0322850451656072,6.19371027099364
"TAOK1",3,3,6,185,0.0309468049514888,6.18568082970893
"RTN2",3,3,6,179,0.0299431247909,6.1796587487454
"SLC1A3",3,3,6,179,0.0299431247909,6.1796587487454
"VRK1",3,3,6,177,0.0296085647373704,6.17765138842422
"GBA2",3,3,6,173,0.0289394446303111,6.17363666778187
"BCL11A",3,3,6,165,0.0276012044161927,6.16560722649716
"OTX2",3,3,6,158,0.0264302442288391,6.15858146537303
"SLITRK1",3,3,6,155,0.0259284041485447,6.15557042489127
"PRDM12",3,3,6,153,0.0255938440950151,6.15356306457009
"PYCR1",3,3,6,134,0.0224155235864838,6.1344931415189
"SMARCA1",3,3,6,130,0.0217464034794246,6.13047842087655
"NFIB",3,3,6,111,0.0185680829708933,6.11140849782536
"ATOH7",3,3,6,106,0.0177316828370693,6.10639009702242
"EML1",3,3,6,103,0.0172298427567748,6.10337905654065
"ARHGEF2",3,3,6,97,0.016226162596186,6.09735697557712
"NONO",3,3,6,97,0.016226162596186,6.09735697557712
"NCDN",3,3,6,89,0.0148879223820676,6.0893275342924
"TUBB2B",3,3,6,89,0.0148879223820676,6.0893275342924
"NEUROD2",3,3,6,86,0.0143860823017732,6.08631649381064
"STX3",3,3,6,85,0.0142188022750084,6.08531281365005
"HIF1A",3,3,6,82,0.013716962194714,6.08230177316828
"PBX1",3,3,6,82,0.013716962194714,6.08230177316828
"SLC32A1",3,3,6,81,0.0135496821679491,6.08129809300769
"SNAP25",3,3,6,80,0.0133824021411843,6.08029441284711
"DCT",3,3,6,74,0.0123787219805955,6.07427233188357
"EN1",3,3,6,68,0.0113750418200067,6.06825025092004
"SYP",3,3,6,65,0.0108732017397123,6.06523921043827
"VAX1",3,3,6,55,0.00920040147206424,6.05520240883238
"CHRNB4",3,3,6,43,0.00719304115088658,6.04315824690532
"FGF13",3,3,6,41,0.00685848109735698,6.04115088658414
"SLC29A1",3,3,6,41,0.00685848109735698,6.04115088658414
"WNT7B",3,3,6,40,0.00669120107059217,6.04014720642355
"KHDC3L",3,3,6,36,0.00602208096353295,6.0361324857812
"B2M",3,3,6,35,0.00585480093676815,6.03512880562061
"EMX2",3,3,6,33,0.00552024088323854,6.03312144529943
"PHOX2A",3,3,6,31,0.00518568082970893,6.03111408497825
"TSPOAP1",3,3,6,25,0.00418200066912011,6.02509200401472
"VPS13B",2,2,4,2474,0.413850786216126,5.6554031448645
"MSH2",2,2,4,2334,0.390431582469053,5.56172632987621
"TNXB",2,2,4,1867,0.31231180996989,5.24924723987956
"EGFR",2,2,4,1806,0.302107728337237,5.20843091334895
"MYO7A",2,2,4,1538,0.257276681164269,5.02910672465708
"SPG11",2,2,4,1448,0.242221478755437,4.96888591502175
"COL3A1",2,2,4,1351,0.225995316159251,4.903981264637
"WNK1",2,2,4,1294,0.216460354633657,4.86584141853463
"GPHN",2,2,4,1283,0.214620274339244,4.85848109735698
"SCN2A",2,2,4,1246,0.208430913348946,4.83372365339578
"DYSF",2,2,4,1128,0.188691870190699,4.7547674807628
"SMAD4",2,2,4,1111,0.185848109735698,4.74339243894279
"GRIN2A",2,2,4,939,0.157075945132151,4.62830378052861
"WFS1",2,2,4,922,0.15423218467715,4.6169287387086
"C3",2,2,4,909,0.152057544329207,4.60823017731683
"SETX",2,2,4,889,0.148711943793911,4.59484777517564
"EP300",2,2,4,877,0.146704583472733,4.58681833389093
"PLCG2",2,2,4,856,0.143191702910672,4.57276681164269
"GRIN2D",2,2,4,789,0.131983941117431,4.52793576446972
"MBD4",2,2,4,723,0.120943459350953,4.48377383740381
"TRPV4",2,2,4,643,0.107561057209769,4.43024422883908
"CELSR1",2,2,4,641,0.10722649715624,4.42890598862496
"TGFBR1",2,2,4,613,0.102542656406825,4.4101706256273
"NEXMIF",2,2,4,608,0.101706256273001,4.406825025092
"KIF5A",2,2,4,597,0.0998661759785882,4.39946470391435
"DNM2",2,2,4,592,0.0990297758447641,4.39611910337906
"SYNGAP1",2,2,4,582,0.0973569755771161,4.38942790230846
"GRIN2B",2,2,4,573,0.0958514553362328,4.38340582134493
"LAMB1",2,2,4,569,0.0951823352291736,4.38072934091669
"TAOK2",2,2,4,540,0.0903312144529943,4.36132485781198
"TBC1D24",2,2,4,526,0.0879892940782871,4.35195717631315
"TENM4",2,2,4,521,0.087152893944463,4.34861157577785
"ATP1A3",2,2,4,503,0.0841418534626966,4.33656741385079
"KIF26A",2,2,4,499,0.0834727333556373,4.33389093342255
"ALS2",2,2,4,487,0.0814653730344597,4.32586149213784
"TJP2",2,2,4,447,0.0747741719638675,4.29909668785547
"GFI1",2,2,4,433,0.0724322515891603,4.28972900635664
"TBCD",2,2,4,432,0.0722649715623954,4.28905988624958
"FBXO38",2,2,4,428,0.0715958514553362,4.28638340582135
"KCNA1",2,2,4,427,0.0714285714285714,4.28571428571429
"BCL11B",2,2,4,415,0.0694212111073938,4.27768484442957
"CASP10",2,2,4,385,0.0644028103044497,4.2576112412178
"ERBB2",2,2,4,384,0.0642355302776848,4.25694212111074
"IL6ST",2,2,4,379,0.0633991301438608,4.25359652057544
"SLC12A2",2,2,4,379,0.0633991301438608,4.25359652057544
"NKX2-5",2,2,4,374,0.0625627300100368,4.25025092004015
"ABCC2",2,2,4,363,0.060722649715624,4.2428905988625
"CNTN2",2,2,4,362,0.0605553696888591,4.24222147875544
"MAPK8IP3",2,2,4,357,0.0597189695550351,4.23887587822014
"SDCCAG8",2,2,4,356,0.0595516895282703,4.23820675811308
"FRYL",2,2,4,355,0.0593844095015055,4.23753763800602
"CASK",2,2,4,350,0.0585480093676815,4.23419203747073
"TGFB3",2,2,4,343,0.0573770491803279,4.22950819672131
"PEX13",2,2,4,326,0.0545332887253262,4.21813315490131
"P3H1",2,2,4,324,0.0541987286717966,4.21679491468719
"NR2E3",2,2,4,316,0.0528604884576782,4.21144195383071
"BBS4",2,2,4,315,0.0526932084309134,4.21077283372365
"SLC5A7",2,2,4,310,0.0518568082970893,4.20742723318836
"SYN1",2,2,4,310,0.0518568082970893,4.20742723318836
"MYOF",2,2,4,309,0.0516895282703245,4.2067581130813
"CUX2",2,2,4,293,0.0490130478420877,4.19605219136835
"CNTNAP1",2,2,4,292,0.0488457678153228,4.19538307126129
"DENND5A",2,2,4,289,0.0483439277350284,4.19337571094011
"RUNX2",2,2,4,289,0.0483439277350284,4.19337571094011
"MAP2K1",2,2,4,288,0.0481766477082636,4.19270659083305
"AFG3L2",2,2,4,285,0.0476748076279692,4.19069923051188
"CNTN1",2,2,4,280,0.0468384074941452,4.18735362997658
"PLAA",2,2,4,275,0.0460020073603212,4.18400802944128
"MKKS",2,2,4,273,0.0456674473067916,4.18266978922717
"RETREG1",2,2,4,271,0.045332887253262,4.18133154901305
"SPEF2",2,2,4,271,0.045332887253262,4.18133154901305
"POMGNT2",2,2,4,265,0.0443292070926731,4.17731682837069
"ITGA6",2,2,4,263,0.0439946470391435,4.17597858815657
"ROGDI",2,2,4,262,0.0438273670123787,4.17530946804952
"TIAM1",2,2,4,251,0.0419872867179659,4.16794914687186
"GBA1",2,2,4,246,0.0411508865841419,4.16460354633657
"UNC13A",2,2,4,244,0.0408163265306122,4.16326530612245
"ATP8A2",2,2,4,243,0.0406490465038474,4.16259618601539
"DNAAF3",2,2,4,239,0.0399799263967882,4.15991970558715
"AIFM1",2,2,4,236,0.0394780863164938,4.15791234526598
"DOCK3",2,2,4,231,0.0386416861826698,4.15456674473068
"KDM2B",2,2,4,226,0.0378052860488458,4.15122114419538
"SERPINI1",2,2,4,225,0.037638006022081,4.15055202408832
"MICALL2",2,2,4,222,0.0371361659417866,4.14854466376715
"SLC17A8",2,2,4,219,0.0366343258614921,4.14653730344597
"DDR2",2,2,4,218,0.0364670458347273,4.14586818333891
"SCARB2",2,2,4,217,0.0362997658079625,4.14519906323185
"DVL3",2,2,4,212,0.0354633656741385,4.14185346269655
"SLC1A2",2,2,4,212,0.0354633656741385,4.14185346269655
"LHX3",2,2,4,207,0.0346269655403145,4.13850786216126
"NFASC",2,2,4,204,0.0341251254600201,4.13650050184008
"TBR1",2,2,4,201,0.0336232853797257,4.1344931415189
"SLITRK6",2,2,4,200,0.0334560053529609,4.13382402141184
"PRKCG",2,2,4,188,0.0314486450317832,4.12579458012713
"PRKD1",2,2,4,188,0.0314486450317832,4.12579458012713
"PRODH",2,2,4,188,0.0314486450317832,4.12579458012713
"WNT10A",2,2,4,184,0.030779524924724,4.1231180996989
"CASP8",2,2,4,183,0.0306122448979592,4.12244897959184
"NCKAP1L",2,2,4,181,0.0302776848444296,4.12111073937772
"ACTG1",2,2,4,178,0.0297758447641352,4.11910337905654
"MAP4K4",2,2,4,172,0.0287721646035463,4.11508865841419
"PARD3",2,2,4,171,0.0286048845767815,4.11441953830713
"FZD2",2,2,4,161,0.0269320843091335,4.10772833723653
"NLGN3",2,2,4,160,0.0267648042823687,4.10705921712947
"CTNND2",2,2,4,157,0.0262629642020743,4.1050518568083
"CIB1",2,2,4,150,0.0250920040147206,4.10036801605888
"ABCC1",2,2,4,149,0.0249247239879558,4.09969889595182
"NCKAP1",2,2,4,147,0.0245901639344262,4.0983606557377
"ANOS1",2,2,4,146,0.0244228839076614,4.09769153563065
"BMP2",2,2,4,146,0.0244228839076614,4.09769153563065
"HTRA2",2,2,4,146,0.0244228839076614,4.09769153563065
"PPP1R12A",2,2,4,146,0.0244228839076614,4.09769153563065
"ATCAY",2,2,4,145,0.0242556038808966,4.09702241552359
"SERPINF1",2,2,4,143,0.023921043827367,4.09568417530947
"MYEF2",2,2,4,140,0.0234192037470726,4.09367681498829
"TOR1A",2,2,4,140,0.0234192037470726,4.09367681498829
"VPS51",2,2,4,138,0.023084643693543,4.09233857477417
"ADCY6",2,2,4,135,0.0225828036132486,4.09033121445299
"DNAAF4",2,2,4,132,0.0220809635329542,4.08832385413182
"NRXN3",2,2,4,132,0.0220809635329542,4.08832385413182
"LHX4",2,2,4,130,0.0217464034794246,4.0869856139177
"ACSL4",2,2,4,128,0.0214118434258949,4.08564737370358
"FBXW7",2,2,4,128,0.0214118434258949,4.08564737370358
"TFAP2A",2,2,4,127,0.0212445633991301,4.08497825359652
"TNIK",2,2,4,125,0.0209100033456005,4.0836400133824
"TUBB2A",2,2,4,125,0.0209100033456005,4.0836400133824
"ZEB1",2,2,4,125,0.0209100033456005,4.0836400133824
"CHRNA3",2,2,4,119,0.0199063231850117,4.07962529274005
"AVIL",2,2,4,118,0.0197390431582469,4.07895617263299
"CEP85L",2,2,4,118,0.0197390431582469,4.07895617263299
"IGF1",2,2,4,115,0.0192372030779525,4.07694881231181
"SLC4A10",2,2,4,113,0.0189026430244229,4.07561057209769
"SCYL2",2,2,4,112,0.0187353629976581,4.07494145199063
"ATP9A",2,2,4,109,0.0182335229173637,4.07293409166945
"CAPRIN1",2,2,4,106,0.0177316828370693,4.07092673134828
"SLITRK3",2,2,4,105,0.0175644028103044,4.07025761124122
"DPYSL5",2,2,4,104,0.0173971227835396,4.06958849113416
"TCF7L2",2,2,4,102,0.01706256273001,4.06825025092004
"CXCR4",2,2,4,101,0.0168952827032452,4.06758113081298
"KIF5C",2,2,4,99,0.0165607226497156,4.06624289059886
"DCX",2,2,4,98,0.0163934426229508,4.0655737704918
"FZD5",2,2,4,97,0.016226162596186,4.06490465038474
"KIF5B",2,2,4,96,0.0160588825694212,4.06423553027768
"WNT2B",2,2,4,96,0.0160588825694212,4.06423553027768
"WNT4",2,2,4,96,0.0160588825694212,4.06423553027768
"CHN1",2,2,4,94,0.0157243225158916,4.06289729006357
"PQBP1",2,2,4,94,0.0157243225158916,4.06289729006357
"IRX5",2,2,4,93,0.0155570424891268,4.06222816995651
"IRX4",2,2,4,92,0.015389762462362,4.06155904984945
"SLC6A17",2,2,4,92,0.015389762462362,4.06155904984945
"BLOC1S3",2,2,4,89,0.0148879223820676,4.05955168952827
"CRLF1",2,2,4,89,0.0148879223820676,4.05955168952827
"TFAP2B",2,2,4,89,0.0148879223820676,4.05955168952827
"PHACTR1",2,2,4,88,0.0147206423553028,4.05888256942121
"GRXCR1",2,2,4,87,0.014553362328538,4.05821344931415
"C1QA",2,2,4,83,0.0138842422214788,4.05553696888591
"LGI4",2,2,4,83,0.0138842422214788,4.05553696888591
"OCLN",2,2,4,83,0.0138842422214788,4.05553696888591
"SOD1",2,2,4,83,0.0138842422214788,4.05553696888591
"GDI1",2,2,4,81,0.0135496821679491,4.0541987286718
"WNT10B",2,2,4,78,0.0130478420876547,4.05219136835062
"BLOC1S6",2,2,4,77,0.0128805620608899,4.05152224824356
"BAIAP2",2,2,4,72,0.0120441619270659,4.04817664770826
"NANOS1",2,2,4,72,0.0120441619270659,4.04817664770826
"BAG5",2,2,4,71,0.0118768819003011,4.0475075276012
"NR1D1",2,2,4,67,0.0112077617932419,4.04483104717297
"NAE1",2,2,4,65,0.0108732017397123,4.04349280695885
"ZPR1",2,2,4,65,0.0108732017397123,4.04349280695885
"TMEM106B",2,2,4,64,0.0107059217129475,4.04282368685179
"RACGAP1",2,2,4,60,0.0100368016058883,4.04014720642355
"PITX3",2,2,4,59,0.00986952157912345,4.03947808631649
"GPRC5B",2,2,4,57,0.00953496152559384,4.03813984610237
"LHX2",2,2,4,57,0.00953496152559384,4.03813984610237
"TDP2",2,2,4,57,0.00953496152559384,4.03813984610237
"HAND2",2,2,4,55,0.00920040147206424,4.03680160588826
"UGDH",2,2,4,55,0.00920040147206424,4.03680160588826
"DBNL",2,2,4,53,0.00886584141853463,4.03546336567414
"SET",2,2,4,49,0.00819672131147541,4.0327868852459
"CASP2",2,2,4,45,0.00752760120441619,4.03011040481766
"LEF1",2,2,4,44,0.00736032117765139,4.02944128471061
"CDC42",2,2,4,41,0.00685848109735698,4.02743392438943
"CALR",2,2,4,40,0.00669120107059217,4.02676480428237
"CLCF1",2,2,4,40,0.00669120107059217,4.02676480428237
"BLOC1S5",2,2,4,38,0.00635664101706256,4.02542656406825
"MEF2A",2,2,4,37,0.00618936099029776,4.02475744396119
"SIAH1",2,2,4,35,0.00585480093676815,4.02341920374707
"BTG4",2,2,4,31,0.00518568082970893,4.02074272331884
"BAX",2,2,4,30,0.00501840080294413,4.02007360321178
"CSNK1D",2,2,4,29,0.00485112077617932,4.01940448310472
"HCRT",2,2,4,20,0.00334560053529609,4.01338240214118
"IFNG",2,2,4,20,0.00334560053529609,4.01338240214118
"ATXN10",2,2,4,17,0.00284376045500167,4.01137504182001
"CDK6",2,2,4,12,0.00200736032117765,4.00802944128471
"HMGB1",2,2,4,9,0.00150552024088324,4.00602208096353
"RHOA",2,2,4,7,0.00117096018735363,4.00468384074941
"USH2A",1,1,2,3069,0.513382402141184,3.02676480428237
"PTCH1",1,1,2,2605,0.435764469722315,2.87152893944463
"KIF1B",1,1,2,2248,0.37604550016728,2.75209100033456
"ADGRV1",1,1,2,1991,0.333054533288725,2.66610906657745
"FAT4",1,1,2,1943,0.325025092004015,2.65005018400803
"PCLO",1,1,2,1902,0.318166610906658,2.63633322181332
"SCN9A",1,1,2,1761,0.29458012713282,2.58916025426564
"SZT2",1,1,2,1716,0.287052525928404,2.57410505185681
"DCHS1",1,1,2,1575,0.263466042154567,2.52693208430913
"LAMA2",1,1,2,1543,0.258113081298093,2.51622616259619
"PCDH15",1,1,2,1317,0.220307795249247,2.44061559049849
"KIF1A",1,1,2,1235,0.206590833054533,2.41318166610907
"BMPR1A",1,1,2,1193,0.199565071930412,2.39913014386082
"FASN",1,1,2,1192,0.199397791903647,2.39879558380729
"NOTCH2",1,1,2,1169,0.195550351288056,2.39110070257611
"LDLR",1,1,2,1161,0.194212111073938,2.38842422214788
"NF2",1,1,2,1156,0.193375710940114,2.38675142188023
"RP1L1",1,1,2,1103,0.184509869521579,2.36901973904316
"COL4A1",1,1,2,1070,0.178989628638341,2.35797925727668
"SOS1",1,1,2,1067,0.178487788558046,2.35697557711609
"ERCC2",1,1,2,987,0.165105386416862,2.33021077283372
"MYPN",1,1,2,945,0.15807962529274,2.31615925058548
"VCL",1,1,2,942,0.157577785212446,2.31515557042489
"ABCC9",1,1,2,929,0.155403144864503,2.31080628972901
"MACF1",1,1,2,906,0.151555704248913,2.30311140849783
"NOTCH3",1,1,2,828,0.138507862161258,2.27701572432252
"CHD8",1,1,2,825,0.138006022080964,2.27601204416193
"MYH14",1,1,2,814,0.136165941786551,2.2723318835731
"OBSL1",1,1,2,787,0.131649381063901,2.2632987621278
"SYNJ1",1,1,2,730,0.122114419538307,2.24422883907661
"NLRP1",1,1,2,723,0.120943459350953,2.24188691870191
"EGLN1",1,1,2,692,0.115757778521245,2.23151555704249
"BPTF",1,1,2,689,0.11525593844095,2.2305118768819
"ATP1A2",1,1,2,660,0.110404817664771,2.22080963532954
"TGFBR2",1,1,2,624,0.104382736701238,2.20876547340248
"ZFHX3",1,1,2,624,0.104382736701238,2.20876547340248
"SLC19A1",1,1,2,541,0.0904984944797591,2.18099698895952
"CACNB2",1,1,2,528,0.0883238541318167,2.17664770826363
"CENPF",1,1,2,523,0.0874874539979926,2.17497490799599
"CCDC88A",1,1,2,517,0.0864837738374038,2.17296754767481
"PTPN11",1,1,2,506,0.084643693542991,2.16928738708598
"NEXN",1,1,2,495,0.0828036132485781,2.16560722649716
"CIC",1,1,2,490,0.0819672131147541,2.16393442622951
"TANC2",1,1,2,488,0.0816326530612245,2.16326530612245
"WDR62",1,1,2,485,0.0811308129809301,2.16226162596186
"ATP13A2",1,1,2,484,0.0809635329541653,2.16192706590833
"CDHR1",1,1,2,484,0.0809635329541653,2.16192706590833
"SETD1A",1,1,2,483,0.0807962529274005,2.1615925058548
"ZSWIM6",1,1,2,474,0.0792907326865172,2.15858146537303
"BBS2",1,1,2,463,0.0774506523921044,2.15490130478421
"CHRNA4",1,1,2,463,0.0774506523921044,2.15490130478421
"STXBP2",1,1,2,463,0.0774506523921044,2.15490130478421
"CUL7",1,1,2,457,0.0764469722315156,2.15289394446303
"DAG1",1,1,2,452,0.0756105720976915,2.15122114419538
"QARS1",1,1,2,443,0.0741050518568083,2.14821010371362
"WHRN",1,1,2,441,0.0737704918032787,2.14754098360656
"CHRNA2",1,1,2,437,0.0731013716962195,2.14620274339244
"SLC2A1",1,1,2,437,0.0731013716962195,2.14620274339244
"SPINK5",1,1,2,429,0.071763131482101,2.1435262629642
"SLC22A5",1,1,2,428,0.0715958514553362,2.14319170291067
"CYFIP2",1,1,2,427,0.0714285714285714,2.14285714285714
"DOK7",1,1,2,410,0.0685848109735698,2.13716962194714
"UBE3A",1,1,2,408,0.0682502509200402,2.13650050184008
"MTR",1,1,2,405,0.0677484108397457,2.13549682167949
"SEMA4A",1,1,2,399,0.0667447306791569,2.13348946135831
"PTPRC",1,1,2,393,0.0657410505185681,2.13148210103714
"ROBO1",1,1,2,392,0.0655737704918033,2.13114754098361
"AKT1",1,1,2,384,0.0642355302776848,2.12847106055537
"AFG2A",1,1,2,381,0.0637336901973904,2.12746738039478
"DSPP",1,1,2,379,0.0633991301438608,2.12679826028772
"BIN1",1,1,2,366,0.0612244897959184,2.12244897959184
"SALL1",1,1,2,365,0.0610572097691536,2.12211441953831
"CASZ1",1,1,2,362,0.0605553696888591,2.12111073937772
"CUX1",1,1,2,347,0.0580461692873871,2.11609233857477
"DTNA",1,1,2,345,0.0577116092338575,2.11542321846771
"DHX37",1,1,2,333,0.0557042489126798,2.11140849782536
"PREPL",1,1,2,330,0.0552024088323854,2.11040481766477
"SLC2A10",1,1,2,326,0.0545332887253262,2.10906657745065
"SLC6A1",1,1,2,326,0.0545332887253262,2.10906657745065
"TFRC",1,1,2,326,0.0545332887253262,2.10906657745065
"CHRND",1,1,2,321,0.0536968885915022,2.107393777183
"PRRT2",1,1,2,317,0.053027768484443,2.10605553696889
"CLASP1",1,1,2,312,0.0521913683506189,2.10438273670124
"PHGDH",1,1,2,311,0.0520240883238541,2.10404817664771
"KCNB1",1,1,2,310,0.0518568082970893,2.10371361659418
"STXBP1",1,1,2,305,0.0510204081632653,2.10204081632653
"TGFB1",1,1,2,300,0.0501840080294413,2.10036801605888
"CHRNB1",1,1,2,299,0.0500167280026765,2.10003345600535
"KCNA2",1,1,2,298,0.0498494479759117,2.09969889595182
"FOXG1",1,1,2,286,0.047842087654734,2.09568417530947
"MMP9",1,1,2,285,0.0476748076279692,2.09534961525594
"PLXND1",1,1,2,282,0.0471729675476748,2.09434593509535
"ROBO3",1,1,2,281,0.04700568752091,2.09401137504182
"ADGRG1",1,1,2,280,0.0468384074941452,2.09367681498829
"AFF2",1,1,2,280,0.0468384074941452,2.09367681498829
"KDM4B",1,1,2,276,0.046169287387086,2.09233857477417
"ERCC3",1,1,2,275,0.0460020073603212,2.09200401472064
"EGR2",1,1,2,271,0.045332887253262,2.09066577450652
"ZIC2",1,1,2,271,0.045332887253262,2.09066577450652
"LZTS1",1,1,2,269,0.0449983271997324,2.08999665439946
"TRIM2",1,1,2,269,0.0449983271997324,2.08999665439946
"CEP120",1,1,2,259,0.0433255269320843,2.08665105386417
"CTNS",1,1,2,259,0.0433255269320843,2.08665105386417
"USH1G",1,1,2,257,0.0429909668785547,2.08598193375711
"FRMD7",1,1,2,252,0.0421545667447307,2.08430913348946
"KIF21A",1,1,2,251,0.0419872867179659,2.08397457343593
"GLRA1",1,1,2,243,0.0406490465038474,2.08129809300769
"SLC4A4",1,1,2,243,0.0406490465038474,2.08129809300769
"ATN1",1,1,2,240,0.040147206423553,2.08029441284711
"GCH1",1,1,2,240,0.040147206423553,2.08029441284711
"RELA",1,1,2,231,0.0386416861826698,2.07728337236534
"SLC5A1",1,1,2,227,0.0379725660756106,2.07594513215122
"KCNK4",1,1,2,225,0.037638006022081,2.07527601204416
"RORB",1,1,2,225,0.037638006022081,2.07527601204416
"DSCAM",1,1,2,220,0.0368016058882569,2.07360321177651
"VLDLR",1,1,2,217,0.0362997658079625,2.07259953161592
"SEMA6B",1,1,2,214,0.0357979257276681,2.07159585145534
"SLC4A3",1,1,2,211,0.0352960856473737,2.07059217129475
"TNNC1",1,1,2,210,0.0351288056206089,2.07025761124122
"GLRB",1,1,2,208,0.0347942455670793,2.06958849113416
"SLC16A1",1,1,2,205,0.0342924054867849,2.06858481097357
"SLC25A46",1,1,2,205,0.0342924054867849,2.06858481097357
"GJA1",1,1,2,204,0.0341251254600201,2.06825025092004
"ABCB6",1,1,2,200,0.0334560053529609,2.06691201070592
"SMAD2",1,1,2,198,0.0331214452994312,2.06624289059886
"TRAK1",1,1,2,197,0.0329541652726664,2.06590833054533
"SOX9",1,1,2,194,0.032452325192372,2.06490465038474
"WNK3",1,1,2,192,0.0321177651388424,2.06423553027768
"DNAJC5",1,1,2,176,0.0294412847106056,2.05888256942121
"BMP4",1,1,2,175,0.0292740046838408,2.05854800936768
"CD36",1,1,2,174,0.0291067246570759,2.05821344931415
"SLC16A2",1,1,2,171,0.0286048845767815,2.05720976915356
"GCM2",1,1,2,170,0.0284376045500167,2.05687520910003
"SEMA3D",1,1,2,167,0.0279357644697223,2.05587152893944
"CLRN1",1,1,2,166,0.0277684844429575,2.05553696888592
"PTPRJ",1,1,2,166,0.0277684844429575,2.05553696888592
"SLC6A3",1,1,2,166,0.0277684844429575,2.05553696888592
"PER2",1,1,2,165,0.0276012044161927,2.05520240883239
"SYT2",1,1,2,164,0.0274339243894279,2.05486784877886
"NCOA3",1,1,2,162,0.0270993643358983,2.0541987286718
"STRA6",1,1,2,162,0.0270993643358983,2.0541987286718
"TUBB3",1,1,2,159,0.0265975242556039,2.05319504851121
"EPHA10",1,1,2,158,0.0264302442288391,2.05286048845768
"PHF8",1,1,2,158,0.0264302442288391,2.05286048845768
"SOX6",1,1,2,158,0.0264302442288391,2.05286048845768
"RTN4IP1",1,1,2,157,0.0262629642020743,2.05252592840415
"SCN4B",1,1,2,155,0.0259284041485447,2.05185680829709
"NDUFS2",1,1,2,153,0.0255938440950151,2.05118768819003
"GRM7",1,1,2,150,0.0250920040147206,2.05018400802944
"SLC6A9",1,1,2,150,0.0250920040147206,2.05018400802944
"NKX2-1",1,1,2,148,0.024757443961191,2.04951488792238
"NOG",1,1,2,147,0.0245901639344262,2.04918032786885
"FGF23",1,1,2,145,0.0242556038808966,2.04851120776179
"POMK",1,1,2,145,0.0242556038808966,2.04851120776179
"CFAP418",1,1,2,140,0.0234192037470726,2.04683840749415
"DLL4",1,1,2,140,0.0234192037470726,2.04683840749415
"PLP1",1,1,2,139,0.0232519237203078,2.04650384744062
"GRHL2",1,1,2,138,0.023084643693543,2.04616928738709
"PPFIBP1",1,1,2,137,0.0229173636667782,2.04583472733356
"INPP5F",1,1,2,132,0.0220809635329542,2.04416192706591
"STAC3",1,1,2,132,0.0220809635329542,2.04416192706591
"ECEL1",1,1,2,130,0.0217464034794246,2.04349280695885
"PDYN",1,1,2,130,0.0217464034794246,2.04349280695885
"ARNT2",1,1,2,128,0.0214118434258949,2.04282368685179
"FLVCR2",1,1,2,128,0.0214118434258949,2.04282368685179
"SLC13A3",1,1,2,128,0.0214118434258949,2.04282368685179
"SLC27A4",1,1,2,128,0.0214118434258949,2.04282368685179
"SLC5A5",1,1,2,125,0.0209100033456005,2.0418200066912
"PIP5K1C",1,1,2,124,0.0207427233188357,2.04148544663767
"AGTPBP1",1,1,2,122,0.0204081632653061,2.04081632653061
"KAT8",1,1,2,121,0.0202408832385413,2.04048176647708
"VPS35",1,1,2,119,0.0199063231850117,2.03981264637002
"GJB6",1,1,2,117,0.0195717631314821,2.03914352626296
"SLC1A4",1,1,2,116,0.0194044831047173,2.03880896620943
"UBA5",1,1,2,114,0.0190699230511877,2.03813984610238
"KISS1R",1,1,2,112,0.0187353629976581,2.03747072599532
"DAGLA",1,1,2,110,0.0184008029441285,2.03680160588826
"MEIS2",1,1,2,108,0.0180662428905989,2.0361324857812
"ABCB1",1,1,2,107,0.0178989628638341,2.03579792572767
"RAB18",1,1,2,105,0.0175644028103044,2.03512880562061
"FGF14",1,1,2,103,0.0172298427567748,2.03445968551355
"ATP8A1",1,1,2,102,0.01706256273001,2.03412512546002
"SLC16A12",1,1,2,102,0.01706256273001,2.03412512546002
"NPPA",1,1,2,101,0.0168952827032452,2.03379056540649
"FGF12",1,1,2,97,0.016226162596186,2.03245232519237
"JAM3",1,1,2,96,0.0160588825694212,2.03211776513884
"FOXJ1",1,1,2,95,0.0158916025426564,2.03178320508531
"SIGMAR1",1,1,2,94,0.0157243225158916,2.03144864503178
"ZIC1",1,1,2,93,0.0155570424891268,2.03111408497825
"ACP4",1,1,2,92,0.015389762462362,2.03077952492472
"PITX2",1,1,2,92,0.015389762462362,2.03077952492472
"SERPINE1",1,1,2,91,0.0152224824355972,2.03044496487119
"ARL3",1,1,2,89,0.0148879223820676,2.02977584476413
"SLC5A6",1,1,2,88,0.0147206423553028,2.02944128471061
"SLC44A1",1,1,2,87,0.014553362328538,2.02910672465708
"NEUROG3",1,1,2,85,0.0142188022750084,2.02843760455002
"EFNB1",1,1,2,84,0.0140515222482436,2.02810304449649
"PTF1A",1,1,2,84,0.0140515222482436,2.02810304449649
"YWHAG",1,1,2,82,0.013716962194714,2.02743392438943
"CPE",1,1,2,80,0.0133824021411843,2.02676480428237
"RPL15",1,1,2,80,0.0133824021411843,2.02676480428237
"SMG9",1,1,2,80,0.0133824021411843,2.02676480428237
"FGF9",1,1,2,79,0.0132151221144195,2.02643024422884
"FGF3",1,1,2,77,0.0128805620608899,2.02576112412178
"HES7",1,1,2,77,0.0128805620608899,2.02576112412178
"HOXA1",1,1,2,77,0.0128805620608899,2.02576112412178
"SNCA",1,1,2,77,0.0128805620608899,2.02576112412178
"SEMA7A",1,1,2,76,0.0127132820341251,2.02542656406825
"YAP1",1,1,2,75,0.0125460020073603,2.02509200401472
"HESX1",1,1,2,72,0.0120441619270659,2.02408832385413
"KIF3B",1,1,2,71,0.0118768819003011,2.0237537638006
"ASIC5",1,1,2,69,0.0115423218467715,2.02308464369354
"CCKBR",1,1,2,67,0.0112077617932419,2.02241552358648
"SLC6A2",1,1,2,66,0.0110404817664771,2.02208096353295
"NDUFS4",1,1,2,63,0.0105386416861827,2.02107728337237
"SLC6A6",1,1,2,63,0.0105386416861827,2.02107728337237
"GALR2",1,1,2,62,0.0103713616594179,2.02074272331884
"ANAPC7",1,1,2,61,0.0102040816326531,2.02040816326531
"FGF10",1,1,2,59,0.00986952157912345,2.01973904315825
"ESAM",1,1,2,58,0.00970224155235865,2.01940448310472
"CLDN1",1,1,2,56,0.00936768149882904,2.01873536299766
"SLC38A3",1,1,2,54,0.00903312144529943,2.0180662428906
"FGF5",1,1,2,53,0.00886584141853463,2.01773168283707
"GFRA1",1,1,2,52,0.00869856139176982,2.01739712278354
"FTSJ1",1,1,2,51,0.00853128136500502,2.01706256273001
"TMX2",1,1,2,50,0.00836400133824021,2.01672800267648
"HEY2",1,1,2,49,0.00819672131147541,2.01639344262295
"TUBB",1,1,2,49,0.00819672131147541,2.01639344262295
"CAMK2D",1,1,2,45,0.00752760120441619,2.01505520240883
"PRUNE1",1,1,2,43,0.00719304115088658,2.01438608230177
"GLRA2",1,1,2,38,0.00635664101706256,2.01271328203413
"JAM2",1,1,2,38,0.00635664101706256,2.01271328203413
"DNAJC30",1,1,2,37,0.00618936099029776,2.0123787219806
"CLDN5",1,1,2,31,0.00518568082970893,2.01037136165942
"FGF17",1,1,2,28,0.00468384074941452,2.00936768149883
"FGF4",1,1,2,28,0.00468384074941452,2.00936768149883
"VAMP2",1,1,2,28,0.00468384074941452,2.00936768149883
"UFC1",1,1,2,25,0.00418200066912011,2.00836400133824
"NCAM1",1,1,2,24,0.0040147206423553,2.00802944128471
"STX1A",1,1,2,24,0.0040147206423553,2.00802944128471
"MAPRE2",1,1,2,23,0.0038474406155905,2.00769488123118
"RBBP7",1,1,2,23,0.0038474406155905,2.00769488123118
"FYN",1,1,2,16,0.00267648042823687,2.00535296085647
"ARF1",1,1,2,15,0.00250920040147206,2.00501840080294
"GNAQ",1,1,2,13,0.00217464034794246,2.00434928069588
"GAPDH",1,1,2,10,0.00167280026764804,2.0033456005353
"SVBP",1,1,2,10,0.00167280026764804,2.0033456005353
"FGF16",1,1,2,4,0.000669120107059217,2.00133824021412
"KY",1,1,2,0,0,2
"ZFHX2",1,1,2,0,0,2
